0.744546671822952;0.3570741649242046;0.2250698672363965;0.35707600503059067;0.4558457492108044;0.2559362588111203;0.0835710134404935;0.25593886206033184;-0.2041742273582437;-0.1889811889924727;-0.18898282938899294;-0.20417458395123922;-1.0807351768219482;-0.5346632134920816;-0.24311436358116353;-0.5346675926618555;0.07027170445815518;0.15194518800091494;0.15194558740147143;0.07027210385056201;0.13770266928366778;0.036799530770604556;0.002136961726860662;0.005698068621229662;-0.005698068621229692;-0.0021365337960024744;-0.0367995307706045;0.004748844805048701;0.0213677928312566;-0.047483308804779176;-0.06125364677900533;-0.10921240208440627;-0.08072209183724213;-0.04748322270914808;0.04748305153681494;0.02374148959806429;-0.08119657969633541;0.0474830520462541;0.12108243364408403;0.023741490234867796;-0.1377025088096017;-0.005698143509146568;-0.0021368725746265076;-0.03679961992286915;0.005697387497924197;-0.004748420440310307;0.03679942735395759;0.002136551626452348;0.10921244487750463;0.06125400338805143;0.04748369394255221;-0.021368149440302745;0.08072169243509962;-0.023741603712911747;-0.04748346520327004;0.047483122858613114;-0.023740848338558163;-0.12108163483980168;-0.04748283808080956;0.08119578089205304
0.3570741649242046;0.744536829321848;0.35707183983210133;0.2250698672363965;0.25593625878858056;0.4558384315467845;0.2559336555388545;0.08357101342960921;-0.2041755111846038;-0.2041728723049278;-0.18898245853053686;-0.18898295778219656;-0.5346638696252678;-1.0807186300092906;-0.5346593192871728;-0.24311456326984465;0.07027318798106362;0.07027295976588516;0.1519458726974503;0.1519461009310624;0.03679953077060457;0.13770028000302734;0.0056979188453917555;0.0021365337960025264;-0.0021369617268606057;-0.005697918845391645;0.004747810638824157;-0.036799530770604494;0.021367150934969367;-0.10921063330343111;-0.06125317605505119;-0.04748322321858262;-0.047483308295333225;-0.08072100774580941;0.023741774885295865;0.04748347946766622;-0.08119619455857333;0.023741775522093212;0.12108221967865494;0.047483479977107675;0.0056981435091465445;0.13770250880960166;0.03679961992286915;0.002136872574626504;0.004748420440310321;-0.005697387497924165;-0.0021365516264523917;-0.036799427353957595;-0.10921244487750463;0.02136814944030279;-0.047483693942552176;-0.06125400338805143;0.023741603712911712;-0.08072169243509962;-0.04748312285861312;0.04748346520327004;0.023740848338558135;-0.08119578089205304;0.04748283808080956;0.12108163483980171
0.2250698672363965;0.35707183983210133;0.7445368293218474;0.35707416492420446;0.08357101342960908;0.25593365553885433;0.45583843154678416;0.25593625878858034;-0.1889824585305369;-0.20417287230492778;-0.20417551118460422;-0.18898295778219648;-0.24311456326984468;-0.5346593192871728;-1.0807186300092897;-0.5346638696252674;0.1519458726974507;0.07027295976588545;0.07027318798106343;0.15194610093106264;-0.002136533796002468;-0.005697918845391644;-0.13770028000302711;-0.03679953077060451;0.03679953077060453;-0.00474781063882412;0.005697918845391673;0.00213696172686066;0.06125317605505113;0.10921063330343107;-0.02136715093496942;0.04748322321858253;-0.04748347946766626;-0.023741774885295924;0.08072100774580933;0.047483308295333176;-0.12108221967865505;-0.023741775522093195;0.08119619455857327;-0.04748347997710765;0.002136872574626486;0.03679961992286915;0.13770250880960166;0.005698143509146568;-0.0367994273539576;-0.002136551626452372;-0.005697387497924173;0.004748420440310289;-0.04748369394255218;0.021368149440302773;-0.10921244487750467;-0.06125400338805142;0.04748346520327008;-0.047483122858613135;-0.08072169243509965;0.02374160371291176;0.04748283808080959;-0.08119578089205302;0.02374084833855811;0.12108163483980174
0.35707600503059067;0.2250698672363965;0.35707416492420446;0.7445466718229519;0.2559388620603319;0.08357101344049346;0.2559362588111203;0.4558457492108043;-0.18898282938899302;-0.18898118899247268;-0.20417422735824337;-0.20417458395123908;-0.5346675926618556;-0.24311436358116362;-0.5346632134920816;-1.0807351768219484;0.1519455874014718;0.1519451880009151;0.07027170445815467;0.07027210385056212;-0.0056980686212296985;-0.0021369617268606235;-0.0367995307706045;-0.13770266928366773;-0.004748844805048724;0.03679953077060451;0.0021365337960024913;0.00569806862122966;0.061253646779005314;0.04748330880477922;-0.0213677928312567;0.10921240208440638;-0.023741489598064304;-0.047483051536814994;0.04748322270914797;0.08072209183724215;-0.12108243364408411;-0.04748305204625406;0.08119657969633537;-0.023741490234867636;-0.03679961992286914;-0.0021368725746264907;-0.005698143509146544;-0.13770250880960166;0.002136551626452385;0.03679942735395759;-0.004748420440310303;0.005697387497924146;0.04748369394255217;0.06125400338805146;0.10921244487750466;-0.0213681494403028;0.047483122858613135;-0.04748346520327007;-0.02374160371291172;0.08072169243509962;-0.04748283808080957;-0.12108163483980171;-0.023740848338558156;0.08119578089205304
0.4558457492108044;0.25593625878858056;0.08357101342960908;0.2559388620603319;0.744546671794499;0.3570779164826314;0.2250738612871675;0.35708024158823254;0.07027977816787304;0.15194926763721528;0.15194949587759796;0.07028000642667404;-1.080735176782997;-0.5346671219347814;-0.2431183576210501;-0.534671672310328;-0.20418107434500574;-0.18898575361773107;-0.18898625288173204;-0.20418371325759171;0.005698068621229667;0.002136533796002532;0.036799530770604535;-0.0047488448050487285;-0.1377026692836678;-0.036799530770604535;-0.0021369617268606833;-0.005698068621229742;0.08119657969633537;-0.0474830520462541;-0.12108243364408412;-0.023741490234867626;0.08072209183724215;0.047483222709147996;-0.04748305153681501;-0.023741489598064307;-0.0213677928312567;0.047483308804779294;0.06125364677900529;0.10921240208440651;-0.005698599968697187;0.004748235003562587;-0.03679963418725145;-0.002136943896410752;0.13770044047709323;0.005697843957474847;0.00213662294823665;0.036799441618339826;0.02374241741840275;0.12108301848293743;0.04748369394255221;-0.08119699336285563;-0.08072140714795187;0.02374166077044845;0.047483065801211186;-0.04748340814586811;-0.10921059051033288;-0.06125281944600506;-0.047482838080809574;0.021366794325923352
0.2559362588111203;0.4558384315467845;0.25593365553885433;0.08357101344049346;0.3570779164826314;0.7445368293498724;0.35707607636068983;0.22507386128716755;0.07028126164570181;0.07028086222201302;0.15194978115180816;0.15195018056736262;-0.5346677781130472;-1.0807186300478135;-0.5346633989113052;-0.24311855733149992;-0.20418235812028693;-0.20418200148272603;-0.18898588199893618;-0.18898752239888458;0.0021369617268606573;0.005697918845391763;-0.004747810638824131;0.03679953077060452;-0.03679953077060453;-0.1377002800030271;-0.0056979188453917425;-0.00213653379600251;0.08119619455857319;-0.023741775522093188;-0.12108221967865504;-0.04748347997710764;0.04748330829533316;0.08072100774580931;-0.023741774885295927;-0.047483479467666255;-0.021367150934969468;0.10921063330343117;0.06125317605505112;0.04748322321858265;-0.0047482350035625625;0.005698599968697204;0.002136943896410768;0.03679963418725144;-0.0056978439574747845;-0.13770044047709312;-0.03679944161833985;-0.0021366229482366423;-0.0237424174184028;0.08119699336285562;-0.04748369394255219;-0.12108301848293743;-0.023741660770448467;0.08072140714795187;0.04748340814586808;-0.04748306580121115;0.10921059051033272;-0.02136679432592333;0.04748283808080953;0.061252819446005045
0.0835710134404935;0.2559336555388545;0.45583843154678416;0.2559362588111203;0.2250738612871675;0.35707607636068983;0.7445368293498722;0.35707791648263126;0.15194978115180807;0.07028086222201309;0.07028126164570192;0.1519501805673627;-0.24311855733150012;-0.5346633989113053;-1.0807186300478133;-0.5346677781130467;-0.1889858819989359;-0.20418200148272592;-0.2041823581202873;-0.18898752239888442;-0.03679953077060451;0.0047478106388241575;-0.005697918845391719;-0.0021369617268606365;0.0021365337960024483;0.005697918845391659;0.13770028000302703;0.03679953077060449;0.12108221967865496;0.023741775522093247;-0.08119619455857331;0.04748347997710769;0.04748347946766621;0.02374177488529592;-0.08072100774580934;-0.04748330829533317;-0.06125317605505118;-0.10921063330343095;0.021367150934969423;-0.04748322321858245;0.03679963418725143;0.0021369438964107474;0.005698599968697209;-0.004748235003562555;-0.0021366229482366206;-0.036799441618339854;-0.13770044047709318;-0.005697843957474805;-0.04748369394255221;0.08119699336285567;-0.02374241741840281;-0.1210830184829374;-0.047483065801211116;0.047483408145868065;0.08072140714795188;-0.02374166077044848;0.04748283808080955;-0.021366794325923293;0.10921059051033272;0.06125281944600502
0.25593886206033184;0.08357101342960921;0.25593625878858034;0.4558457492108043;0.35708024158823254;0.22507386128716755;0.35707791648263126;0.7445466717944986;0.1519494958775978;0.1519492676372152;0.07027977816787315;0.07028000642667429;-0.534671672310328;-0.2431183576210504;-0.534667121934781;-1.0807351767829965;-0.18898625288173163;-0.18898575361773093;-0.20418107434500604;-0.20418371325759177;0.004748844805048702;-0.03679953077060449;-0.002136533796002482;-0.00569806862122969;0.005698068621229633;0.0021369617268606252;0.03679953077060449;0.13770266928366778;0.12108243364408401;0.047483052046254096;-0.08119657969633544;0.023741490234867754;0.02374148959806431;0.04748305153681493;-0.04748322270914807;-0.08072209183724215;-0.06125364677900536;-0.04748330880477911;0.02136779283125665;-0.10921240208440625;-0.002136943896410775;-0.03679963418725143;0.004748235003562544;-0.005698599968697226;0.03679944161833985;0.002136622948236625;0.005697843957474832;0.13770044047709323;0.047483693942552196;0.1210830184829374;0.023742417418402807;-0.0811969933628556;-0.04748340814586802;0.04748306580121114;0.02374166077044848;-0.08072140714795183;-0.04748283808080957;-0.061252819446005025;-0.10921059051033286;0.021366794325923314
-0.2041742273582437;-0.2041755111846038;-0.1889824585305369;-0.18898282938899302;0.07027977816787304;0.07028126164570181;0.15194978115180807;0.1519494958775978;0.8357095199077487;0.3988606095209064;0.34947987771600153;0.3988641471003538;0.028482328275698042;0.02848101600932612;-0.028493853983613298;-0.02849345460625116;-0.5394153551353494;-0.3988614653804825;-0.3038953685641639;-0.3988632912407773;0.021367792831256605;0.021367150934969426;0.08119619455857324;0.08119657969633541;0.061253646779005314;0.061253176055051116;0.12108221967865496;0.12108243364408405;0.17093975405049777;-0.028489882443556;-0.03418795896114222;-0.02849005361594922;0.028490049795136616;0.028489878622766356;-0.14244936832115046;-0.14245022418285305;0.034187958961142205;-0.1424493690853086;-0.17093975405049774;-0.14245022494701579;0.08072204904414956;-0.08072204904414955;-0.04748355078945978;0.047483550789459775;0.023742274137948362;-0.023742274137948424;-0.047483550789459796;0.047483550789459796;-4.85722573273506E-17;0.02849010685259206;-2.656295322589486E-18;-0.02849010685259208;-0.18993420570505531;0.18993420570505537;0.09496710157891959;-0.09496710157891956;2.2551405187698492E-17;0.14244965360836112;8.239936510889834E-18;-0.14244965360836112
-0.1889811889924727;-0.2041728723049278;-0.20417287230492778;-0.18898118899247268;0.15194926763721528;0.07028086222201302;0.07028086222201309;0.1519492676372152;0.3988606095209064;0.8357019883107977;0.3988606095209063;0.34947805188862197;-0.028493825466847488;0.028481843374419356;0.02848184337441939;-0.028493825466847526;-0.3988614653804828;-0.5394111328507886;-0.39886146538048256;-0.30389536856827765;-0.04748322270914801;-0.08072100774580926;0.08072100774580927;0.047483222709148065;-0.04748305153681496;-0.02374177488529592;0.023741774885295955;0.04748305153681496;0.028489878622766255;-9.974659986866641E-18;-0.02848987862276635;-1.7726705520137997E-17;0.0949665310044812;0.1899316381199898;-0.1899316381199898;-0.09496653100448119;0.14244936832115054;-5.551115123125783E-17;-0.1424493683211505;-3.729655473350135E-17;0.08119686498355738;0.02136807811847865;0.021368078118478642;0.0811968649835574;0.12108270466690886;0.061253661043304986;0.061253661043305006;0.12108270466690886;-0.028490110673412394;0.17094060991218546;-0.02849011067341241;-0.03418813013352056;-0.14245065211364413;0.028489108347309108;0.028489108347309104;-0.14245065211364413;-0.14244965437250248;0.03418710309945461;-0.14244965437250248;-0.1709395828781195
-0.18898282938899294;-0.18898245853053686;-0.20417551118460422;-0.20417422735824337;0.15194949587759796;0.15194978115180816;0.07028126164570192;0.07027977816787315;0.34947987771600153;0.3988606095209063;0.8357095199077486;0.39886414710035384;-0.02849345460625113;-0.028493853983613215;0.028481016009326354;0.02848232827569768;-0.30389536856416427;-0.39886146538048284;-0.5394153551353489;-0.3988632912407779;-0.08119657969633542;-0.08119619455857328;-0.021367150934969412;-0.021367792831256692;-0.1210824336440841;-0.12108221967865501;-0.06125317605505116;-0.061253646779005376;0.034187958961142184;0.028489882443555912;-0.17093975405049783;0.028490053615949258;0.1424502241828531;0.14244936832115054;-0.028489878622766217;-0.028490049795136568;0.17093975405049777;0.14244936908530864;-0.034187958961142205;0.14245022494701579;0.0474835507894598;-0.0474835507894598;-0.08072204904414962;0.08072204904414955;0.0474835507894598;-0.047483550789459816;-0.023742274137948428;0.023742274137948417;-2.222614453595284E-18;0.02849010685259204;1.5423453529964104E-16;-0.02849010685259211;-0.0949671015789196;0.0949671015789196;0.18993420570505543;-0.18993420570505537;-4.336808689942018E-19;0.1424496536083611;5.597193715456417E-17;-0.14244965360836112
-0.20417458395123922;-0.18898295778219656;-0.18898295778219648;-0.20417458395123908;0.07028000642667404;0.15195018056736262;0.1519501805673627;0.07028000642667429;0.3988641471003538;0.34947805188862197;0.39886414710035384;0.8357138562963764;0.028481843254435094;-0.02849382546684732;-0.02849382546684747;0.028481843254434824;-0.3988632912407775;-0.30389536856827754;-0.39886329124077746;-0.5394195774322512;-0.08072209183724205;-0.04748330829533321;0.047483308295333135;0.08072209183724217;-0.02374148959806424;-0.047483479467666206;0.04748347946766624;0.023741489598064353;0.028490049795136547;-3.3068166260807885E-18;-0.028490049795136557;-3.516880796999855E-18;0.18993449099233653;0.09496653100448119;-0.09496653100448114;-0.18993449099233664;0.142450224182853;-2.7538735181131813E-17;-0.14245022418285302;-1.0879968800892037E-16;-0.021368078118478594;-0.08119686498355737;-0.08119686498355735;-0.02136807811847863;-0.061253661043305006;-0.12108270466690887;-0.12108270466690882;-0.061253661043304944;0.02849011067341235;0.03418813013352052;0.028490110673412332;-0.17094060991218543;-0.028489108347309125;0.14245065211364413;0.1424506521136441;-0.02848910834730907;0.14244965437250243;0.17093958287811947;0.14244965437250243;-0.034187103099454615
-1.0807351768219482;-0.5346638696252678;-0.24311456326984468;-0.5346675926618556;-1.080735176782997;-0.5346677781130472;-0.24311855733150012;-0.534671672310328;0.028482328275698042;-0.028493825466847488;-0.02849345460625113;0.028481843254435094;2.2184496185654123;1.0408412449878874;0.4862329209017793;1.0408488907511277;0.02849847569513403;-0.028485666194246965;-0.02848563765399837;0.028497648406659266;-0.10921240208440638;-0.04748322321858264;-0.047483479977107695;-0.023741490234867706;0.10921240208440637;0.04748322321858252;0.04748347997710765;0.023741490234867754;-0.028490053615949154;0.09496653202336179;0.14245022494701579;0.18993449303011303;4.87890977618477E-19;3.859759734048396E-17;3.404394821604484E-17;5.231275482242559E-18;0.02849005361594929;-0.09496653202336175;-0.1424502249470157;-0.18993449303011328;0.10921215959028081;0.02374201801630356;0.04748377952874195;0.04748326601170553;-0.10921087579755676;-0.023741247740657292;-0.04748275249461981;-0.04748326601165616;-0.18993477831743263;-0.1424510808087533;-0.09496738788510439;0.0284912518223436;1.711723409699925E-06;-3.4234476354449983E-07;-1.711723795127726E-07;8.558616933351392E-07;0.18993135487041626;0.14244851322357113;0.0949656761616191;-0.028488684237161666
-0.5346632134920816;-1.0807186300092906;-0.5346593192871728;-0.24311436358116362;-0.5346671219347814;-1.0807186300478135;-0.5346633989113053;-0.2431183576210504;0.02848101600932612;0.028481843374419356;-0.028493853983613215;-0.02849382546684732;1.0408412449878874;2.218416981473732;1.0408335992318447;0.48623292090177933;0.028497163338602333;0.02849764828667506;-0.028486037074897913;-0.02848566619424698;-0.04748330880477926;-0.10921063330343132;-0.02374177552209323;-0.04748305204625413;0.047483308804779155;0.10921063330343111;0.023741775522093205;0.04748305204625407;-0.028489882443555832;0.18993164015773567;0.1424493690853087;0.09496653202336178;3.9898639947466563E-17;-4.5102810375396984E-17;-3.469446951953614E-18;1.6479873021779667E-17;0.028489882443556054;-0.1899316401577357;-0.14244936908530853;-0.09496653202336178;-0.023742018016303608;-0.10921215959028083;-0.04748326601170553;-0.04748377952874194;0.0237412477406573;0.10921087579755676;0.047483266011656235;0.047482752494619834;0.18993477831743263;-0.02849125182234364;0.09496738788510438;0.14245108080875327;3.423447635635818E-07;-1.7117234097120682E-06;-8.558616933283629E-07;1.7117237948718542E-07;-0.18993135487041618;0.028488684237161624;-0.09496567616161913;-0.14244851322357116
-0.24311436358116353;-0.5346593192871728;-1.0807186300092897;-0.5346632134920816;-0.2431183576210501;-0.5346633989113052;-1.0807186300478133;-0.534667121934781;-0.028493853983613298;0.02848184337441939;0.028481016009326354;-0.02849382546684747;0.4862329209017793;1.0408335992318447;2.2184169814737307;1.0408412449878868;-0.02848603707489845;0.028497648286674494;0.02849716333860278;-0.02848566619424754;0.047483052046254075;0.023741775522093146;0.10921063330343116;0.04748330880477915;-0.04748305204625415;-0.023741775522093257;-0.1092106333034311;-0.047483308804779245;-0.14244936908530853;-0.18993164015773562;0.02848988244355602;-0.09496653202336172;3.9898639947466563E-17;-1.734723475976807E-18;-2.949029909160572E-17;7.752045533271357E-18;0.14244936908530872;0.18993164015773564;-0.028489882443555978;0.09496653202336176;-0.0474837795287419;-0.047483266011705515;-0.10921215959028083;-0.02374201801630359;0.04748275249461987;0.04748326601165625;0.10921087579755676;0.023741247740657327;0.09496738788510438;-0.028491251822343643;0.1899347783174327;0.1424510808087532;1.7117237944967202E-07;-8.558616933296639E-07;-1.7117234095249349E-06;3.4234476353325123E-07;-0.0949656761616192;0.028488684237161506;-0.1899313548704161;-0.14244851322357124
-0.5346675926618555;-0.24311456326984465;-0.5346638696252674;-1.0807351768219484;-0.534671672310328;-0.24311855733149992;-0.5346677781130467;-1.0807351767829965;-0.02849345460625116;-0.028493825466847526;0.02848232827569768;0.028481843254434824;1.0408488907511277;0.48623292090177933;1.0408412449878868;2.2184496185654115;-0.028485637653998842;-0.028485666194247302;0.028498475695134536;0.028497648406659196;0.023741490234867702;0.047483479977107654;0.04748322321858256;0.10921240208440636;-0.02374149023486774;-0.047483479977107675;-0.04748322321858256;-0.10921240208440637;-0.14245022494701567;-0.09496653202336171;0.02849005361594926;-0.18993449303011312;4.960224939121183E-18;1.6696713456276768E-17;3.0357660829594124E-17;-1.0692266299780484E-16;0.1424502249470158;0.09496653202336176;-0.028490053615949196;0.1899344930301131;0.04748326601170551;0.04748377952874193;0.023742018016303646;0.1092121595902808;-0.047483266011656255;-0.04748275249461982;-0.023741247740657313;-0.10921087579755664;-0.09496738788510435;-0.14245108080875324;-0.18993477831743275;0.02849125182234368;8.558616933313445E-07;-1.7117237947135606E-07;-3.4234476358060376E-07;1.711723409638112E-06;0.09496567616161913;0.1424485132235712;0.18993135487041612;-0.02848868423716156
0.07027170445815518;0.07027318798106362;0.1519458726974507;0.1519455874014718;-0.20418107434500574;-0.20418235812028693;-0.1889858819989359;-0.18898625288173163;-0.5394153551353494;-0.3988614653804828;-0.30389536856416427;-0.3988632912407775;0.02849847569513403;0.028497163338602333;-0.02848603707489845;-0.028485637653998842;0.8357079223111297;0.3988606095294764;0.34947805189136455;0.3988641470917835;-0.061253646779005334;-0.0612531760550512;-0.12108221967865504;-0.12108243364408411;-0.021367792831256675;-0.021367150934969468;-0.08119619455857328;-0.08119657969633545;-0.0341879589611422;0.14244936908530867;0.17093975405049783;0.14245022494701579;-0.028490049795136554;-0.028489878622766238;0.14244936832115057;0.14245022418285308;-0.17093975405049788;0.028489882443556033;0.03418795896114228;0.028490053615949244;-0.02374099034541184;0.023740990345411814;0.04748298021502141;-0.04748298021502141;-0.08072105053890194;0.08072105053890177;0.04748298021502139;-0.0474829802150214;1.9081958235744878E-17;-0.14244993889564248;3.469446951953614E-18;0.14244993889564242;0.1899319234072712;-0.18993192340727114;-0.09496596043004284;0.0949659604300428;9.71445146547012E-17;-0.028489821565310772;3.469446951953614E-17;0.028489821565310797
0.15194518800091494;0.07027295976588516;0.07027295976588545;0.1519451880009151;-0.18898575361773107;-0.20418200148272603;-0.20418200148272592;-0.18898575361773093;-0.3988614653804825;-0.5394111328507886;-0.39886146538048284;-0.30389536856827754;-0.028485666194246965;0.02849764828667506;0.028497648286674494;-0.028485666194247302;0.3988606095294764;0.8357035858902769;0.39886060952947655;0.3494798777132591;0.04748305153681496;0.0237417748852959;-0.023741774885295913;-0.04748305153681495;0.04748322270914813;0.08072100774580938;-0.08072100774580915;-0.047483222709147926;-0.14244936832115046;-4.597017211338539E-17;0.14244936832115052;-2.905661822261152E-17;-0.09496653100448119;-0.18993163811998984;0.1899316381199898;0.09496653100448119;-0.02848987862276625;-1.457167719820518E-16;0.028489878622766206;-2.1293730667615307E-16;-0.1210819486558302;-0.061253161790751486;-0.061253161790751465;-0.12108194865583026;-0.08119590927135135;-0.021366865647747476;-0.02136686564774748;-0.0811959092713513;0.14244993965982194;-0.03418881482282981;0.14244993965982194;0.17093992522287615;0.1424489403903594;-0.02849082007059372;-0.028490820070593812;0.1424489403903594;0.02848982538609289;-0.17093889818881017;0.028489825386092918;0.0341877877887639
0.15194558740147143;0.1519458726974503;0.07027318798106343;0.07027170445815467;-0.18898625288173204;-0.18898588199893618;-0.2041823581202873;-0.20418107434500604;-0.3038953685641639;-0.39886146538048256;-0.5394153551353489;-0.39886329124077746;-0.02848563765399837;-0.028486037074897913;0.02849716333860278;0.028498475695134536;0.34947805189136455;0.39886060952947655;0.8357079223111286;0.3988641470917838;0.12108243364408405;0.12108221967865496;0.061253176055051164;0.06125364677900529;0.08119657969633538;0.08119619455857326;0.02136715093496944;0.021367792831256668;-0.17093975405049777;-0.14244936908530859;0.034187958961142205;-0.1424502249470157;-0.14245022418285297;-0.14244936832115046;0.028489878622766265;0.028490049795136592;-0.03418795896114213;-0.028489882443556026;0.1709397540504977;-0.028490053615949223;-0.04748298021502139;0.04748298021502138;0.02374099034541178;-0.0237409903454118;-0.04748298021502141;0.04748298021502137;0.08072105053890183;-0.08072105053890194;9.540979117872439E-18;-0.14244993889564245;4.9764879717084654E-17;0.14244993889564242;0.09496596043004275;-0.09496596043004274;-0.18993192340727108;0.18993192340727108;3.946495907847236E-17;-0.028489821565310703;7.643625316022806E-17;0.028489821565310776
0.07027210385056201;0.1519461009310624;0.15194610093106264;0.07027210385056212;-0.20418371325759171;-0.18898752239888458;-0.18898752239888442;-0.20418371325759177;-0.3988632912407773;-0.30389536856827765;-0.3988632912407779;-0.5394195774322512;0.028497648406659266;-0.02848566619424698;-0.02848566619424754;0.028497648406659196;0.3988641470917835;0.3494798777132591;0.3988641470917838;0.835715453910137;0.023741489598064356;0.04748347946766625;-0.04748347946766621;-0.023741489598064238;0.08072209183724226;0.047483308295333274;-0.04748330829533306;-0.08072209183724205;-0.14245022418285302;-3.5561831257524545E-17;0.14245022418285308;-1.1687699419393738E-16;-0.18993449099233678;-0.0949665310044812;0.09496653100448123;0.18993449099233664;-0.02849004979513657;-2.224782857940255E-16;0.028490049795136568;-1.2696007439805257E-16;0.06125316179075149;0.12108194865583023;0.12108194865583027;0.06125316179075148;0.02136686564774749;0.08119590927135133;0.08119590927135127;0.021366865647747462;-0.14244993965982192;-0.17093992522287615;-0.14244993965982197;0.034188814822829816;0.02849082007059371;-0.14244894039035944;-0.1424489403903595;0.028490820070593812;-0.02848982538609286;-0.03418778778876387;-0.028489825386092862;0.17093889818881022
0.13770266928366778;0.03679953077060457;-0.002136533796002468;-0.0056980686212296985;0.005698068621229667;0.0021369617268606573;-0.03679953077060451;0.004748844805048702;0.021367792831256605;-0.04748322270914801;-0.08119657969633542;-0.08072209183724205;-0.10921240208440638;-0.04748330880477926;0.047483052046254075;0.023741490234867702;-0.061253646779005334;0.04748305153681496;0.12108243364408405;0.023741489598064356;0.3955370635499243;0.19325599491261244;0.12772887009174536;0.21225009343487203;0.21605053534502136;0.12891706442804876;0.0443968335381003;0.13485380307278524;-0.1400742024847616;-0.16998747753523197;-0.053656372054642854;-0.3086385867389967;-0.3423589777265269;-0.18328533020420887;-0.02469167717601049;-0.13342979908411137;-0.043685377825806906;-0.009496551707643523;0.06647618747760123;-0.11016209331276994;-0.06885022639430853;-0.002848975724827091;-0.002374146242779455;0.0028489757248271012;-0.01839962884437308;-0.001068365952529789;0.01839962884437307;0.001068365952529776;0.05460535362869186;-0.011870728029919876;-0.011870728348317731;0.04036047538663373;-0.01068365665971775;0.03062647843393928;-0.06054071406698374;0.04059789229276221;0.023741456823994485;-0.023741456569276214;-0.023741456823994478;0.023741456569276228
0.036799530770604556;0.13770028000302734;-0.005697918845391644;-0.0021369617268606235;0.002136533796002532;0.005697918845391763;0.0047478106388241575;-0.03679953077060449;0.021367150934969426;-0.08072100774580926;-0.08119619455857328;-0.04748330829533321;-0.04748322321858264;-0.10921063330343132;0.023741775522093146;0.047483479977107654;-0.0612531760550512;0.0237417748852959;0.12108221967865496;0.04748347946766625;0.19325599491261244;0.3955321423532468;0.21224714073400086;0.1277288700917454;0.12891706442200673;0.21604746136919895;0.13485105718415585;0.044396833536429064;-0.14007484438718398;-0.30863402222000635;-0.05365578722634622;-0.16998839045691125;-0.1832862003177283;-0.34235384251129874;-0.13342723149048924;-0.02469166291006912;-0.04368475018746369;-0.11015981101472544;0.066476472764367;-0.009496494645540624;0.0028489757248271208;0.06885022639430854;-0.0028489757248271134;0.0023741462427794625;0.001068365952529794;0.018399628844373062;-0.0010683659525297967;-0.018399628844373073;-0.054605353628691934;-0.04036047538663369;0.011870728348317705;0.01187072802991989;-0.030626478433939282;0.010683656659717756;-0.040597892292762214;0.06054071406698375;-0.02374145682399448;-0.023741456569276193;0.023741456823994467;0.02374145656927623
0.002136961726860662;0.0056979188453917555;-0.13770028000302711;-0.0367995307706045;0.036799530770604535;-0.004747810638824131;-0.005697918845391719;-0.002136533796002482;0.08119619455857324;0.08072100774580927;-0.021367150934969412;0.047483308295333135;-0.047483479977107695;-0.02374177552209323;0.10921063330343116;0.04748322321858256;-0.12108221967865504;-0.023741774885295913;0.061253176055051164;-0.04748347946766621;0.12772887009174536;0.21224714073400086;0.3955321423532465;0.19325599491261233;0.04439683353642902;0.1348510571841558;0.21604746136919886;0.12891706442200662;-0.053655787226346216;-0.30863402222000624;-0.14007484438718407;-0.16998839045691116;-0.02469166291006912;-0.13342723149048924;-0.3423538425112986;-0.18328620031772816;0.0664764727643671;-0.11015981101472536;-0.04368475018746376;-0.009496494645540553;-0.002374146242779457;0.002848975724827095;-0.06885022639430853;-0.0028489757248271073;0.018399628844373076;0.001068365952529765;-0.018399628844373104;-0.001068365952529779;-0.011870728348317722;0.04036047538663376;0.05460535362869188;-0.011870728029919914;-0.06054071406698375;0.04059789229276222;-0.01068365665971773;0.03062647843393926;-0.023741456823994474;0.023741456569276256;0.023741456823994478;-0.023741456569276224
0.005698068621229662;0.0021365337960025264;-0.03679953077060451;-0.13770266928366773;-0.0047488448050487285;0.03679953077060452;-0.0021369617268606365;-0.00569806862122969;0.08119657969633541;0.047483222709148065;-0.021367792831256692;0.08072209183724217;-0.023741490234867706;-0.04748305204625413;0.04748330880477915;0.10921240208440636;-0.12108243364408411;-0.04748305153681495;0.06125364677900529;-0.023741489598064238;0.21225009343487203;0.1277288700917454;0.19325599491261233;0.39553706354992413;0.13485380307278522;0.044396833538100276;0.1289170644280487;0.21605053534502133;-0.05365637205464286;-0.16998747753523188;-0.14007420248476143;-0.30863858673899663;-0.1334297990841114;-0.02469167717601051;-0.1832853302042089;-0.34235897772652685;0.06647618747760134;-0.009496551707643467;-0.04368537782580702;-0.11016209331276994;-0.0028489757248271095;0.002374146242779466;0.002848975724827105;0.06885022639430848;-0.0010683659525297811;-0.018399628844373083;0.0010683659525297798;0.01839962884437308;0.011870728348317709;0.011870728029919926;-0.05460535362869188;-0.040360475386633725;-0.04059789229276222;0.06054071406698374;-0.030626478433939258;0.01068365665971772;0.023741456823994478;0.02374145656927623;-0.02374145682399448;-0.023741456569276224
-0.005698068621229692;-0.0021369617268606057;0.03679953077060453;-0.004748844805048724;-0.1377026692836678;-0.03679953077060453;0.0021365337960024483;0.005698068621229633;0.061253646779005314;-0.04748305153681496;-0.1210824336440841;-0.02374148959806424;0.10921240208440637;0.047483308804779155;-0.04748305204625415;-0.02374149023486774;-0.021367792831256675;0.04748322270914813;0.08119657969633538;0.08072209183724226;0.21605053534502136;0.12891706442200673;0.04439683353642902;0.13485380307278522;0.39553870394975366;0.19325749980846021;0.12773083144377856;0.212252689560724;-0.04368279595574049;-0.009495324964799792;0.06647702908722239;-0.11015989656649876;-0.3423587637470267;-0.18328638576995002;-0.024692818331653765;-0.13343123979696922;-0.14007534366481691;-0.16999061569262966;-0.053656942647931694;-0.3086448630881642;-0.01839962884437308;-0.0010683659525297698;0.01839962884437308;0.0010683659525297794;-0.06885022639430849;-0.002848975724827108;-0.002374146242779455;0.0028489757248271017;0.02374145682399446;-0.023741456569276218;-0.02374145682399448;0.023741456569276228;-0.010683656659717732;0.030626478433939265;-0.06054071406698375;0.04059789229276223;0.05460535362869188;-0.011870728029919921;-0.011870728348317719;0.04036047538663372
-0.0021365337960024744;-0.005697918845391645;-0.00474781063882412;0.03679953077060451;-0.036799530770604535;-0.1377002800030271;0.005697918845391659;0.0021369617268606252;0.061253176055051116;-0.02374177488529592;-0.12108221967865501;-0.047483479467666206;0.04748322321858252;0.10921063330343111;-0.023741775522093257;-0.047483479977107675;-0.021367150934969468;0.08072100774580938;0.08119619455857326;0.047483308295333274;0.12891706442804876;0.21604746136919895;0.1348510571841558;0.044396833538100276;0.19325749980846021;0.3955337827322075;0.2122497368310139;0.1277308314437786;-0.04368216832948139;-0.11015761430273543;0.06647731437064569;-0.009495267902696936;-0.1832872558955535;-0.34235362856299406;-0.1334286721910059;-0.02469280406905487;-0.1400759855555837;-0.3086402984834714;-0.0536563578072938;-0.16999152860573874;0.0010683659525297724;0.01839962884437307;-0.0010683659525297993;-0.018399628844373083;0.002848975724827103;0.06885022639430848;-0.0028489757248271307;0.002374146242779442;-0.02374145682399447;-0.023741456569276197;0.02374145682399447;0.02374145656927623;-0.03062647843393926;0.010683656659717738;-0.04059789229276223;0.060540714066983754;-0.05460535362869187;-0.04036047538663368;0.01187072834831773;0.011870728029919939
-0.0367995307706045;0.004747810638824157;0.005697918845391673;0.0021365337960024913;-0.0021369617268606833;-0.0056979188453917425;0.13770028000302703;0.03679953077060449;0.12108221967865496;0.023741774885295955;-0.06125317605505116;0.04748347946766624;0.04748347997710765;0.023741775522093205;-0.1092106333034311;-0.04748322321858256;-0.08119619455857328;-0.08072100774580915;0.02136715093496944;-0.04748330829533306;0.0443968335381003;0.13485105718415585;0.21604746136919886;0.1289170644280487;0.12773083144377856;0.2122497368310139;0.39553378273220746;0.19325749980846013;0.06647731437064566;-0.11015761430273542;-0.043682168329481394;-0.009495267902696907;-0.02469280406905493;-0.13342867219100593;-0.34235362856299384;-0.18328725589555334;-0.053656357807293775;-0.30864029848347135;-0.14007598555558382;-0.16999152860573868;0.01839962884437307;0.001068365952529763;-0.0183996288443731;-0.0010683659525297842;-0.0023741462427794586;0.002848975724827084;-0.06885022639430856;-0.002848975724827103;-0.023741456823994467;0.023741456569276252;0.02374145682399448;-0.023741456569276224;-0.06054071406698374;0.04059789229276222;-0.010683656659717756;0.030626478433939276;-0.011870728348317703;0.04036047538663377;0.05460535362869186;-0.01187072802991989
0.004748844805048701;-0.036799530770604494;0.00213696172686066;0.00569806862122966;-0.005698068621229742;-0.00213653379600251;0.03679953077060449;0.13770266928366778;0.12108243364408405;0.04748305153681496;-0.061253646779005376;0.023741489598064353;0.023741490234867754;0.04748305204625407;-0.047483308804779245;-0.10921240208440637;-0.08119657969633545;-0.047483222709147926;0.021367792831256668;-0.08072209183724205;0.13485380307278524;0.044396833536429064;0.12891706442200662;0.21605053534502133;0.212252689560724;0.1277308314437786;0.19325749980846013;0.3955387039497536;0.06647702908722235;-0.009495324964799797;-0.043682795955740455;-0.11015989656649869;-0.13343123979696928;-0.02469281833165386;-0.1832863857699499;-0.3423587637470264;-0.05365694264793164;-0.1699906156926297;-0.14007534366481694;-0.3086448630881643;-0.0010683659525297868;-0.018399628844373076;0.0010683659525297848;0.018399628844373083;-0.002848975724827108;0.0023741462427794447;0.002848975724827109;0.06885022639430853;0.023741456823994467;0.023741456569276224;-0.02374145682399448;-0.02374145656927622;-0.04059789229276221;0.06054071406698372;-0.030626478433939265;0.010683656659717747;0.01187072834831775;0.011870728029919887;-0.054605353628691865;-0.040360475386633704
0.0213677928312566;0.021367150934969367;0.06125317605505113;0.061253646779005314;0.08119657969633537;0.08119619455857319;0.12108221967865496;0.12108243364408401;0.17093975405049777;0.028489878622766255;0.034187958961142184;0.028490049795136547;-0.028490053615949154;-0.028489882443555832;-0.14244936908530853;-0.14245022494701567;-0.0341879589611422;-0.14244936832115046;-0.17093975405049777;-0.14245022418285302;-0.1400742024847616;-0.14007484438718398;-0.053655787226346216;-0.05365637205464286;-0.04368279595574049;-0.04368216832948139;0.06647731437064566;0.06647702908722235;0.4938249260440442;0.11395976174379675;0.007600381303003663;0.1139615875871551;0.09971240289871405;0.09971066267167539;-0.09971494199122766;-0.0997149705231104;-0.026593131572893034;-0.11396061760337285;-0.13295350184991817;-0.11396073172757863;0.040360475386633704;-0.04036047538663378;-0.011870728029919907;0.011870728029919893;0.023741456569276214;-0.023741456569276228;-0.023741456569276214;0.023741456569276214;7.922807375437824E-17;0.09496582755069578;2.1507860596681194E-17;-0.09496582755069582;-0.014244876395351037;0.014244876395351042;0.0712243695804696;-0.07122436958046958;1.0842021724855044E-17;0.04748291313855244;6.505213034913027E-19;-0.04748291313855244
-0.047483308804779176;-0.10921063330343111;0.10921063330343107;0.04748330880477922;-0.0474830520462541;-0.023741775522093188;0.023741775522093247;0.047483052046254096;-0.028489882443556;-9.974659986866641E-18;0.028489882443555912;-3.3068166260807885E-18;0.09496653202336179;0.18993164015773567;-0.18993164015773562;-0.09496653202336171;0.14244936908530867;-4.597017211338539E-17;-0.14244936908530859;-3.5561831257524545E-17;-0.16998747753523197;-0.30863402222000635;-0.30863402222000624;-0.16998747753523188;-0.009495324964799792;-0.11015761430273543;-0.11015761430273542;-0.009495324964799797;0.11395976174379675;0.7597202945821812;0.11395976174379656;0.31148692021263935;-0.028490972573390977;0.028487549118557335;0.028487549118557325;-0.02849097257339101;-0.11396061760337295;0.10635840226920579;-0.11396061760337288;0.018991819610340382;-0.01187072834831769;-0.05460535362869182;0.05460535362869189;0.011870728348317733;-0.023741456823994464;-0.02374145682399444;0.023741456823994502;0.023741456823994478;0.09496582856956882;-2.2497195079074217E-17;-0.09496582856956888;-1.3904892862126594E-17;0.07122436996254698;-0.014244878305737466;0.014244878305737459;-0.071224369962547;0.04748291364798895;-5.767955557622884E-17;-0.04748291364798894;-1.0516761073109393E-17
-0.06125364677900533;-0.06125317605505119;-0.02136715093496942;-0.0213677928312567;-0.12108243364408412;-0.12108221967865504;-0.08119619455857331;-0.08119657969633544;-0.03418795896114222;-0.02848987862276635;-0.17093975405049783;-0.028490049795136557;0.14245022494701579;0.1424493690853087;0.02848988244355602;0.02849005361594926;0.17093975405049783;0.14244936832115052;0.034187958961142205;0.14245022418285308;-0.053656372054642854;-0.05365578722634622;-0.14007484438718407;-0.14007420248476143;0.06647702908722239;0.06647731437064569;-0.043682168329481394;-0.043682795955740455;0.007600381303003663;0.11395976174379656;0.49382492604404443;0.11396158758715494;-0.09971497052311043;-0.09971494199122763;0.09971066267167554;0.09971240289871405;-0.13295350184991825;-0.11396061760337295;-0.02659313157289292;-0.11396073172757873;-0.01187072802991991;0.011870728029919893;0.04036047538663374;-0.040360475386633725;-0.023741456569276228;0.02374145656927622;0.02374145656927623;-0.023741456569276228;1.7536970139953034E-17;-0.09496582755069587;-8.761708806398483E-18;0.0949658275506959;0.07122436958046961;-0.0712243695804696;-0.014244876395351089;0.014244876395351075;1.0842021724855044E-18;-0.04748291313855244;-1.3552527156068805E-18;0.047482913138552456
-0.10921240208440627;-0.04748322321858262;0.04748322321858253;0.10921240208440638;-0.023741490234867626;-0.04748347997710764;0.04748347997710769;0.023741490234867754;-0.02849005361594922;-1.7726705520137997E-17;0.028490053615949258;-3.516880796999855E-18;0.18993449303011303;0.09496653202336178;-0.09496653202336172;-0.18993449303011312;0.14245022494701579;-2.905661822261152E-17;-0.1424502249470157;-1.1687699419393738E-16;-0.3086385867389967;-0.16998839045691125;-0.16998839045691116;-0.30863858673899663;-0.11015989656649876;-0.009495267902696936;-0.009495267902696907;-0.11015989656649869;0.1139615875871551;0.31148692021263935;0.11396158758715494;0.7597310212830587;0.028487549084276125;-0.028490972573390935;-0.02849097257339101;0.028487549084276077;-0.11396073172757869;0.018991819610340396;-0.11396073172757865;0.10635965748324519;0.054605353628691865;0.011870728348317705;-0.011870728348317722;-0.05460535362869186;0.023741456823994467;0.023741456823994478;-0.02374145682399447;-0.02374145682399447;-0.09496582856956885;-1.3078188705606397E-17;0.09496582856956891;-6.707484502717354E-17;0.014244878305737459;-0.07122436996254698;0.07122436996254697;-0.014244878305737441;-0.04748291364798895;-1.1492543028346347E-17;0.04748291364798895;-1.1411227865409934E-17
-0.08072209183724213;-0.047483308295333225;-0.04748347946766626;-0.023741489598064304;0.08072209183724215;0.04748330829533316;0.04748347946766621;0.02374148959806431;0.028490049795136616;0.0949665310044812;0.1424502241828531;0.18993449099233653;4.87890977618477E-19;3.9898639947466563E-17;3.9898639947466563E-17;4.960224939121183E-18;-0.028490049795136554;-0.09496653100448119;-0.14245022418285297;-0.18993449099233678;-0.3423589777265269;-0.1832862003177283;-0.02469166291006912;-0.1334297990841114;-0.3423587637470267;-0.1832872558955535;-0.02469280406905493;-0.13343123979696928;0.09971240289871405;-0.028490972573390977;-0.09971497052311043;0.028487549084276125;0.8129222330192776;0.3380828394990186;0.04938448124339418;0.1671454380747673;0.09971756663884701;-0.02848851908770353;-0.09971328730386812;0.028491942576818512;-0.010683656659717742;-0.04059789229276224;-0.06054071406698375;-0.030626478433939272;-0.010683656659717732;-0.04059789229276222;-0.060540714066983733;-0.030626478433939248;0.014244878305737486;0.0712243695804696;0.07122436996254698;-0.014244876395351066;-0.08546924277061672;0.017093852629614433;0.08546924277061674;-0.017093852629614433;0.01424487830573746;0.0712243695804696;0.07122436996254695;-0.014244876395351084
-0.04748322270914808;-0.08072100774580941;-0.023741774885295924;-0.047483051536814994;0.047483222709147996;0.08072100774580931;0.02374177488529592;0.04748305153681493;0.028489878622766356;0.1899316381199898;0.14244936832115054;0.09496653100448119;3.859759734048396E-17;-4.5102810375396984E-17;-1.734723475976807E-18;1.6696713456276768E-17;-0.028489878622766238;-0.18993163811998984;-0.14244936832115046;-0.0949665310044812;-0.18328533020420887;-0.34235384251129874;-0.13342723149048924;-0.02469167717601051;-0.18328638576995002;-0.34235362856299406;-0.13342867219100593;-0.02469281833165386;0.09971066267167539;0.028487549118557335;-0.09971494199122763;-0.028490972573390935;0.3380828394990186;0.8129107073654925;0.1671432698402882;0.04938448124339417;0.09971582638764001;0.02849194254253725;-0.09971325877867035;-0.02848851908770356;0.040597892292762235;0.010683656659717752;0.03062647843393927;0.06054071406698374;0.04059789229276222;0.01068365665971774;0.03062647843393926;0.060540714066983733;-0.014244878305737474;0.01424487639535106;-0.07122436996254697;-0.07122436958046961;-0.017093852629614416;0.08546924277061667;0.017093852629614454;-0.08546924277061672;-0.014244878305737457;0.014244876395351058;-0.07122436996254694;-0.07122436958046958
0.04748305153681494;0.023741774885295865;0.08072100774580933;0.04748322270914797;-0.04748305153681501;-0.023741774885295927;-0.08072100774580934;-0.04748322270914807;-0.14244936832115046;-0.1899316381199898;-0.028489878622766217;-0.09496653100448114;3.404394821604484E-17;-3.469446951953614E-18;-2.949029909160572E-17;3.0357660829594124E-17;0.14244936832115057;0.1899316381199898;0.028489878622766265;0.09496653100448123;-0.02469167717601049;-0.13342723149048924;-0.3423538425112986;-0.1832853302042089;-0.024692818331653765;-0.1334286721910059;-0.34235362856299384;-0.1832863857699499;-0.09971494199122766;0.028487549118557325;0.09971066267167554;-0.02849097257339101;0.04938448124339418;0.1671432698402882;0.8129107073654923;0.33808283949901846;-0.0997132587786705;0.028491942542537205;0.09971582638764001;-0.028488519087703664;-0.060540714066983733;-0.03062647843393926;-0.010683656659717723;-0.0405978922927622;-0.06054071406698375;-0.030626478433939272;-0.010683656659717749;-0.04059789229276223;0.07122436996254697;-0.014244876395351066;0.014244878305737434;0.07122436958046963;0.08546924277061675;-0.01709385262961441;-0.08546924277061674;0.017093852629614405;0.071224369962547;-0.014244876395351049;0.014244878305737459;0.07122436958046958
0.02374148959806429;0.04748347946766622;0.047483308295333176;0.08072209183724215;-0.023741489598064307;-0.047483479467666255;-0.04748330829533317;-0.08072209183724215;-0.14245022418285305;-0.09496653100448119;-0.028490049795136568;-0.18993449099233664;5.231275482242559E-18;1.6479873021779667E-17;7.752045533271357E-18;-1.0692266299780484E-16;0.14245022418285308;0.09496653100448119;0.028490049795136592;0.18993449099233664;-0.13342979908411137;-0.02469166291006912;-0.18328620031772816;-0.34235897772652685;-0.13343123979696922;-0.02469280406905487;-0.18328725589555334;-0.3423587637470264;-0.0997149705231104;-0.02849097257339101;0.09971240289871405;0.028487549084276077;0.1671454380747673;0.04938448124339417;0.33808283949901846;0.8129222330192774;-0.09971328730386829;-0.028488519087703664;0.09971756663884716;0.028491942576818464;0.030626478433939258;0.06054071406698375;0.04059789229276223;0.010683656659717718;0.03062647843393926;0.060540714066983754;0.040597892292762214;0.010683656659717745;-0.07122436996254695;-0.07122436958046961;-0.014244878305737452;0.01424487639535108;0.01709385262961442;-0.08546924277061674;-0.017093852629614444;0.08546924277061674;-0.07122436996254701;-0.07122436958046958;-0.014244878305737476;0.014244876395351077
-0.08119657969633541;-0.08119619455857333;-0.12108221967865505;-0.12108243364408411;-0.0213677928312567;-0.021367150934969468;-0.06125317605505118;-0.06125364677900536;0.034187958961142205;0.14244936832115054;0.17093975405049777;0.142450224182853;0.02849005361594929;0.028489882443556054;0.14244936908530872;0.1424502249470158;-0.17093975405049788;-0.02848987862276625;-0.03418795896114213;-0.02849004979513657;-0.043685377825806906;-0.04368475018746369;0.0664764727643671;0.06647618747760134;-0.14007534366481691;-0.1400759855555837;-0.053656357807293775;-0.05365694264793164;-0.026593131572893034;-0.11396061760337295;-0.13295350184991825;-0.11396073172757869;0.09971756663884701;0.09971582638764001;-0.0997132587786705;-0.09971328730386829;0.49382504015809814;0.11395976175236673;0.0075968437676933705;0.11396158757858475;0.02374145656927623;-0.023741456569276235;-0.02374145656927623;0.023741456569276228;0.040360475386633725;-0.04036047538663372;-0.011870728029919897;0.011870728029919925;1.1275702593849246E-17;0.04748291313855245;8.673617379884035E-19;-0.04748291313855244;-0.014244876395351064;0.014244876395351063;0.0712243695804696;-0.07122436958046961;1.214306433183765E-17;0.09496582755069588;-1.5612511283791264E-17;-0.0949658275506959
0.0474830520462541;0.023741775522093212;-0.023741775522093195;-0.04748305204625406;0.047483308804779294;0.10921063330343117;-0.10921063330343095;-0.04748330880477911;-0.1424493690853086;-5.551115123125783E-17;0.14244936908530864;-2.7538735181131813E-17;-0.09496653202336175;-0.1899316401577357;0.18993164015773564;0.09496653202336176;0.028489882443556033;-1.457167719820518E-16;-0.028489882443556026;-2.224782857940255E-16;-0.009496551707643523;-0.11015981101472544;-0.11015981101472536;-0.009496551707643467;-0.16999061569262966;-0.3086402984834714;-0.30864029848347135;-0.1699906156926297;-0.11396061760337285;0.10635840226920579;-0.11396061760337295;0.018991819610340396;-0.02848851908770353;0.02849194254253725;0.028491942542537205;-0.028488519087703664;0.11395976175236673;0.7597275978212704;0.11395976175236674;0.31149159888846845;-0.02374145682399446;-0.023741456823994436;0.0237414568239945;0.02374145682399448;-0.01187072834831773;-0.05460535362869183;0.05460535362869192;0.011870728348317702;0.04748291364798894;-5.442694905877232E-17;-0.04748291364798894;-1.235990476633475E-17;0.07122436996254697;-0.014244878305737466;0.014244878305737478;-0.07122436996254698;0.0949658285695689;-1.214306433183765E-16;-0.09496582856956878;-1.3010426069826053E-17
0.12108243364408403;0.12108221967865494;0.08119619455857327;0.08119657969633537;0.06125364677900529;0.06125317605505112;0.021367150934969423;0.02136779283125665;-0.17093975405049774;-0.1424493683211505;-0.034187958961142205;-0.14245022418285302;-0.1424502249470157;-0.14244936908530853;-0.028489882443555978;-0.028490053615949196;0.03418795896114228;0.028489878622766206;0.1709397540504977;0.028490049795136568;0.06647618747760123;0.066476472764367;-0.04368475018746376;-0.04368537782580702;-0.053656942647931694;-0.0536563578072938;-0.14007598555558382;-0.14007534366481694;-0.13295350184991817;-0.11396061760337288;-0.02659313157289292;-0.11396073172757865;-0.09971328730386812;-0.09971325877867035;0.09971582638764001;0.09971756663884716;0.0075968437676933705;0.11395976175236674;0.49382504015809775;0.11396158757858485;-0.023741456569276224;0.02374145656927622;0.023741456569276228;-0.02374145656927622;-0.011870728029919899;0.011870728029919918;0.04036047538663371;-0.04036047538663373;4.336808689942018E-19;-0.047482913138552435;-1.9786689647860456E-18;0.04748291313855246;0.07122436958046958;-0.07122436958046957;-0.01424487639535107;0.014244876395351056;-1.3010426069826053E-17;-0.09496582755069578;-4.119968255444917E-18;0.09496582755069584
0.023741490234867796;0.047483479977107675;-0.04748347997710765;-0.023741490234867636;0.10921240208440651;0.04748322321858265;-0.04748322321858245;-0.10921240208440625;-0.14245022494701579;-3.729655473350135E-17;0.14245022494701579;-1.0879968800892037E-16;-0.18993449303011328;-0.09496653202336178;0.09496653202336176;0.1899344930301131;0.028490053615949244;-2.1293730667615307E-16;-0.028490053615949223;-1.2696007439805257E-16;-0.11016209331276994;-0.009496494645540624;-0.009496494645540553;-0.11016209331276994;-0.3086448630881642;-0.16999152860573874;-0.16999152860573868;-0.3086448630881643;-0.11396073172757863;0.018991819610340382;-0.11396073172757873;0.10635965748324519;0.028491942576818512;-0.02848851908770356;-0.028488519087703664;0.028491942576818464;0.11396158757858475;0.31149159888846845;0.11396158757858485;0.7597383246421309;0.02374145682399448;0.02374145682399448;-0.02374145682399447;-0.023741456823994467;0.054605353628691865;0.011870728348317747;-0.01187072834831772;-0.05460535362869186;-0.04748291364798895;-8.456776945386935E-18;0.04748291364798894;-1.2034644114589099E-17;0.014244878305737441;-0.07122436996254697;0.07122436996254698;-0.014244878305737452;-0.09496582856956892;-8.673617379884035E-18;0.09496582856956882;3.881443777498106E-17
-0.1377025088096017;0.0056981435091465445;0.002136872574626486;-0.03679961992286914;-0.005698599968697187;-0.0047482350035625625;0.03679963418725143;-0.002136943896410775;0.08072204904414956;0.08119686498355738;0.0474835507894598;-0.021368078118478594;0.10921215959028081;-0.023742018016303608;-0.0474837795287419;0.04748326601170551;-0.02374099034541184;-0.1210819486558302;-0.04748298021502139;0.06125316179075149;-0.06885022639430853;0.0028489757248271208;-0.002374146242779457;-0.0028489757248271095;-0.01839962884437308;0.0010683659525297724;0.01839962884437307;-0.0010683659525297868;0.040360475386633704;-0.01187072834831769;-0.01187072802991991;0.054605353628691865;-0.010683656659717742;0.040597892292762235;-0.060540714066983733;0.030626478433939258;0.02374145656927623;-0.02374145682399446;-0.023741456569276224;0.02374145682399448;0.39553788375218585;0.21225007204335372;0.12772969028774944;0.1932575853848719;0.21605058884111433;0.1348524301327128;0.04439683353885015;0.12891838388090074;-0.3086400845088332;-0.05365433938780002;-0.16999047303935677;-0.14007495135665005;-0.34235947697826224;-0.13342777354327934;-0.02469121358545356;-0.1832873200838625;-0.11016170818402926;0.06647635864987132;-0.009496936846427306;-0.04368554899765619
-0.005698143509146568;0.13770250880960166;0.03679961992286915;-0.0021368725746264907;0.004748235003562587;0.005698599968697204;0.0021369438964107474;-0.03679963418725143;-0.08072204904414955;0.02136807811847865;-0.0474835507894598;-0.08119686498355737;0.02374201801630356;-0.10921215959028083;-0.047483266011705515;0.04748377952874193;0.023740990345411814;-0.061253161790751486;0.04748298021502138;0.12108194865583023;-0.002848975724827091;0.06885022639430854;0.002848975724827095;0.002374146242779466;-0.0010683659525297698;0.01839962884437307;0.001068365952529763;-0.018399628844373076;-0.04036047538663378;-0.05460535362869182;0.011870728029919893;0.011870728348317705;-0.04059789229276224;0.010683656659717752;-0.03062647843393926;0.06054071406698375;-0.023741456569276235;-0.023741456823994436;0.02374145656927622;0.02374145682399448;0.21225007204335372;0.39553460293846804;0.19325513192238988;0.1277296902877495;0.13485243013159864;0.21604740788339022;0.12891574497421107;0.04439683353867873;-0.3086405124564512;-0.14007181323117462;-0.169989388957409;-0.053656678745768835;-0.13342985612346786;-0.3423529153357374;-0.18328403927275363;-0.024692126497626418;-0.11016036733783506;-0.043683979912428644;-0.009495938348382466;0.06647570249919534
-0.0021368725746265076;0.03679961992286915;0.13770250880960166;-0.005698143509146544;-0.03679963418725145;0.002136943896410768;0.005698599968697209;0.004748235003562544;-0.04748355078945978;0.021368078118478642;-0.08072204904414962;-0.08119686498355735;0.04748377952874195;-0.04748326601170553;-0.10921215959028083;0.023742018016303646;0.04748298021502141;-0.061253161790751465;0.02374099034541178;0.12108194865583027;-0.002374146242779455;-0.0028489757248271134;-0.06885022639430853;0.002848975724827105;0.01839962884437308;-0.0010683659525297993;-0.0183996288443731;0.0010683659525297848;-0.011870728029919907;0.05460535362869189;0.04036047538663374;-0.011870728348317722;-0.06054071406698375;0.03062647843393927;-0.010683656659717723;0.04059789229276223;-0.02374145656927623;0.0237414568239945;0.023741456569276228;-0.02374145682399447;0.12772969028774944;0.19325513192238988;0.39553460293846787;0.2122500720433537;0.04439683353867866;0.12891574497421102;0.21604740788339014;0.13485243013159856;-0.16998938895740906;-0.1400718132311746;-0.30864051245645124;-0.05365667874576877;-0.024692126497626414;-0.18328403927275363;-0.3423529153357372;-0.13342985612346772;-0.009495938348382317;-0.04368397991242858;-0.11016036733783519;0.06647570249919542
-0.03679961992286915;0.002136872574626504;0.005698143509146568;-0.13770250880960166;-0.002136943896410752;0.03679963418725144;-0.004748235003562555;-0.005698599968697226;0.047483550789459775;0.0811968649835574;0.08072204904414955;-0.02136807811847863;0.04748326601170553;-0.04748377952874194;-0.02374201801630359;0.1092121595902808;-0.04748298021502141;-0.12108194865583026;-0.0237409903454118;0.06125316179075148;0.0028489757248271012;0.0023741462427794625;-0.0028489757248271073;0.06885022639430848;0.0010683659525297794;-0.018399628844373083;-0.0010683659525297842;0.018399628844373083;0.011870728029919893;0.011870728348317733;-0.040360475386633725;-0.05460535362869186;-0.030626478433939272;0.06054071406698374;-0.0405978922927622;0.010683656659717718;0.023741456569276228;0.02374145682399448;-0.02374145656927622;-0.023741456823994467;0.1932575853848719;0.1277296902877495;0.2122500720433537;0.39553788375218596;0.1289183838809007;0.04439683353885015;0.1348524301327128;0.21605058884111428;-0.16999047303935683;-0.05365433938779999;-0.308640084508833;-0.1400749513566499;-0.1832873200838626;-0.02469121358545362;-0.13342777354327928;-0.34235947697826213;-0.009496936846427221;0.06647635864987132;-0.11016170818402943;-0.04368554899765612
0.005697387497924197;0.004748420440310321;-0.0367994273539576;0.002136551626452385;0.13770044047709323;-0.0056978439574747845;-0.0021366229482366206;0.03679944161833985;0.023742274137948362;0.12108270466690886;0.0474835507894598;-0.061253661043305006;-0.10921087579755676;0.0237412477406573;0.04748275249461987;-0.047483266011656255;-0.08072105053890194;-0.08119590927135135;-0.04748298021502141;0.02136686564774749;-0.01839962884437308;0.001068365952529794;0.018399628844373076;-0.0010683659525297811;-0.06885022639430849;0.002848975724827103;-0.0023741462427794586;-0.002848975724827108;0.023741456569276214;-0.023741456823994464;-0.023741456569276228;0.023741456823994467;-0.010683656659717732;0.04059789229276222;-0.06054071406698375;0.03062647843393926;0.040360475386633725;-0.01187072834831773;-0.011870728029919899;0.054605353628691865;0.21605058884111433;0.13485243013159864;0.04439683353867866;0.1289183838809007;0.3955362433665677;0.21224975824655035;0.1277300112503455;0.193258362807467;-0.11015934028272628;0.0664777993565506;-0.009495881274470331;-0.04368356621522055;-0.3423596909247305;-0.133428615150107;-0.02469235474259663;-0.18328854682816548;-0.3086383728466628;-0.053656051130308746;-0.16998961720233047;-0.14007837482245472
-0.004748420440310307;-0.005697387497924165;-0.002136551626452372;0.03679942735395759;0.005697843957474847;-0.13770044047709312;-0.036799441618339854;0.002136622948236625;-0.023742274137948424;0.061253661043304986;-0.047483550789459816;-0.12108270466690887;-0.023741247740657292;0.10921087579755676;0.04748326601165625;-0.04748275249461982;0.08072105053890177;-0.021366865647747476;0.04748298021502137;0.08119590927135133;-0.001068365952529789;0.018399628844373062;0.001068365952529765;-0.018399628844373083;-0.002848975724827108;0.06885022639430848;0.002848975724827084;0.0023741462427794447;-0.023741456569276228;-0.02374145682399444;0.02374145656927622;0.023741456823994478;-0.04059789229276222;0.01068365665971774;-0.030626478433939272;0.060540714066983754;-0.04036047538663372;-0.05460535362869183;0.011870728029919918;0.011870728348317747;0.1348524301327128;0.21604740788339022;0.12891574497421102;0.04439683353885015;0.21224975824655035;0.3955329625450509;0.19325590933735753;0.12773001125034544;-0.11015799943876045;-0.0436819971642742;-0.009494882776768404;0.06647714320587458;-0.13343069773252392;-0.34235312931682926;-0.18328526601414258;-0.024693267655112414;-0.30863880076462774;-0.1400752366755534;-0.1699885331174686;-0.053658390458281864
0.03679942735395759;-0.0021365516264523917;-0.005697387497924173;-0.004748420440310303;0.00213662294823665;-0.03679944161833985;-0.13770044047709318;0.005697843957474832;-0.047483550789459796;0.061253661043305006;-0.023742274137948428;-0.12108270466690882;-0.04748275249461981;0.047483266011656235;0.10921087579755676;-0.023741247740657313;0.04748298021502139;-0.02136686564774748;0.08072105053890183;0.08119590927135127;0.01839962884437307;-0.0010683659525297967;-0.018399628844373104;0.0010683659525297798;-0.002374146242779455;-0.0028489757248271307;-0.06885022639430856;0.002848975724827109;-0.023741456569276214;0.023741456823994502;0.02374145656927623;-0.02374145682399447;-0.060540714066983733;0.03062647843393926;-0.010683656659717749;0.040597892292762214;-0.011870728029919897;0.05460535362869192;0.04036047538663371;-0.01187072834831772;0.04439683353885015;0.12891574497421107;0.21604740788339014;0.1348524301327128;0.1277300112503455;0.19325590933735753;0.39553296254505105;0.21224975824655037;-0.009494882776768425;-0.04368199716427421;-0.11015799943876048;0.0664771432058746;-0.024693267655112455;-0.18328526601414272;-0.3423531293168291;-0.13343069773252372;-0.16998853311746853;-0.1400752366755534;-0.3086388007646281;-0.05365839045828184
0.002136551626452348;-0.036799427353957595;0.004748420440310289;0.005697387497924146;0.036799441618339826;-0.0021366229482366423;-0.005697843957474805;0.13770044047709323;0.047483550789459796;0.12108270466690886;0.023742274137948417;-0.061253661043304944;-0.04748326601165616;0.047482752494619834;0.023741247740657327;-0.10921087579755664;-0.0474829802150214;-0.0811959092713513;-0.08072105053890194;0.021366865647747462;0.001068365952529776;-0.018399628844373073;-0.001068365952529779;0.01839962884437308;0.0028489757248271017;0.002374146242779442;-0.002848975724827103;0.06885022639430853;0.023741456569276214;0.023741456823994478;-0.023741456569276228;-0.02374145682399447;-0.030626478433939248;0.060540714066983733;-0.04059789229276223;0.010683656659717745;0.011870728029919925;0.011870728348317702;-0.04036047538663373;-0.05460535362869186;0.12891838388090074;0.04439683353867873;0.13485243013159856;0.21605058884111428;0.193258362807467;0.12773001125034544;0.21224975824655037;0.3955362433665676;-0.00949588127447039;0.06647779935655057;-0.11015934028272625;-0.043683566215220494;-0.1832885468281655;-0.02469235474259675;-0.13342861515010684;-0.3423596909247302;-0.16998961720233036;-0.05365605113030873;-0.30863837284666285;-0.14007837482245486
0.10921244487750463;-0.10921244487750463;-0.04748369394255218;0.04748369394255217;0.02374241741840275;-0.0237424174184028;-0.04748369394255221;0.047483693942552196;-4.85722573273506E-17;-0.028490110673412394;-2.222614453595284E-18;0.02849011067341235;-0.18993477831743263;0.18993477831743263;0.09496738788510438;-0.09496738788510435;1.9081958235744878E-17;0.14244993965982194;9.540979117872439E-18;-0.14244993965982192;0.05460535362869186;-0.054605353628691934;-0.011870728348317722;0.011870728348317709;0.02374145682399446;-0.02374145682399447;-0.023741456823994467;0.023741456823994467;7.922807375437824E-17;0.09496582856956882;1.7536970139953034E-17;-0.09496582856956885;0.014244878305737486;-0.014244878305737474;0.07122436996254697;-0.07122436996254695;1.1275702593849246E-17;0.04748291364798894;4.336808689942018E-19;-0.04748291364798895;-0.3086400845088332;-0.3086405124564512;-0.16998938895740906;-0.16999047303935683;-0.11015934028272628;-0.11015799943876045;-0.009494882776768425;-0.00949588127447039;0.7597329612563823;0.11395833530750704;0.311491598899781;0.11396301402344464;0.028489460509689934;0.028485295349312958;-0.028491714313648574;-0.028489888489302923;0.10635902989953636;-0.11396133081615177;0.0189918196230243;-0.11396001851479977
0.06125400338805143;0.02136814944030279;0.021368149440302773;0.06125400338805146;0.12108301848293743;0.08119699336285562;0.08119699336285567;0.1210830184829374;0.02849010685259206;0.17094060991218546;0.02849010685259204;0.03418813013352052;-0.1424510808087533;-0.02849125182234364;-0.028491251822343643;-0.14245108080875324;-0.14244993889564248;-0.03418881482282981;-0.14244993889564245;-0.17093992522287615;-0.011870728029919876;-0.04036047538663369;0.04036047538663376;0.011870728029919926;-0.023741456569276218;-0.023741456569276197;0.023741456569276252;0.023741456569276224;0.09496582755069578;-2.2497195079074217E-17;-0.09496582755069587;-1.3078188705606397E-17;0.0712243695804696;0.01424487639535106;-0.014244876395351066;-0.07122436958046961;0.04748291313855245;-5.442694905877232E-17;-0.047482913138552435;-8.456776945386935E-18;-0.05365433938780002;-0.14007181323117462;-0.1400718132311746;-0.05365433938779999;0.0664777993565506;-0.0436819971642742;-0.04368199716427421;0.06647779935655057;0.11395833530750704;0.4938225296282076;0.113958335307507;0.007596843766665005;-0.09971555535889805;0.09971213190406433;0.09971213190406426;-0.099715555358898;-0.11396133081615187;-0.026592332758773315;-0.11396133081615176;-0.1329535018557459
0.04748369394255221;-0.047483693942552176;-0.10921244487750467;0.10921244487750466;0.04748369394255221;-0.04748369394255219;-0.02374241741840281;0.023742417418402807;-2.656295322589486E-18;-0.02849011067341241;1.5423453529964104E-16;0.028490110673412332;-0.09496738788510439;0.09496738788510438;0.1899347783174327;-0.18993477831743275;3.469446951953614E-18;0.14244993965982194;4.9764879717084654E-17;-0.14244993965982197;-0.011870728348317731;0.011870728348317705;0.05460535362869188;-0.05460535362869188;-0.02374145682399448;0.02374145682399447;0.02374145682399448;-0.02374145682399448;2.1507860596681194E-17;-0.09496582856956888;-8.761708806398483E-18;0.09496582856956891;0.07122436996254698;-0.07122436996254697;0.014244878305737434;-0.014244878305737452;8.673617379884035E-19;-0.04748291364798894;-1.9786689647860456E-18;0.04748291364798894;-0.16999047303935677;-0.169989388957409;-0.30864051245645124;-0.308640084508833;-0.009495881274470331;-0.009494882776768404;-0.11015799943876048;-0.11015934028272625;0.311491598899781;0.113958335307507;0.7597329612563826;0.11396301402344454;-0.028489888489302923;-0.028491714313648532;0.028485295349313034;0.028489460509689885;0.018991819623024202;-0.11396133081615176;0.10635902989953648;-0.11396001851479985
-0.021368149440302745;-0.06125400338805143;-0.06125400338805142;-0.0213681494403028;-0.08119699336285563;-0.12108301848293743;-0.1210830184829374;-0.0811969933628556;-0.02849010685259208;-0.03418813013352056;-0.02849010685259211;-0.17094060991218543;0.0284912518223436;0.14245108080875327;0.1424510808087532;0.02849125182234368;0.14244993889564242;0.17093992522287615;0.14244993889564242;0.034188814822829816;0.04036047538663373;0.01187072802991989;-0.011870728029919914;-0.040360475386633725;0.023741456569276228;0.02374145656927623;-0.023741456569276224;-0.02374145656927622;-0.09496582755069582;-1.3904892862126594E-17;0.0949658275506959;-6.707484502717354E-17;-0.014244876395351066;-0.07122436958046961;0.07122436958046963;0.01424487639535108;-0.04748291313855244;-1.235990476633475E-17;0.04748291313855246;-1.2034644114589099E-17;-0.14007495135665005;-0.053656678745768835;-0.05365667874576877;-0.1400749513566499;-0.04368356621522055;0.06647714320587458;0.0664771432058746;-0.043683566215220494;0.11396301402344464;0.007596843766665005;0.11396301402344454;0.4938275506694762;0.09971213186978309;-0.09971555535889799;-0.09971555535889803;0.09971213186978303;-0.11396001851479985;-0.1329535018557459;-0.11396001851479977;-0.026593930395925575
0.08072169243509962;0.023741603712911712;0.04748346520327008;0.047483122858613135;-0.08072140714795187;-0.023741660770448467;-0.047483065801211116;-0.04748340814586802;-0.18993420570505531;-0.14245065211364413;-0.0949671015789196;-0.028489108347309125;1.711723409699925E-06;3.423447635635818E-07;1.7117237944967202E-07;8.558616933313445E-07;0.1899319234072712;0.1424489403903594;0.09496596043004275;0.02849082007059371;-0.01068365665971775;-0.030626478433939282;-0.06054071406698375;-0.04059789229276222;-0.010683656659717732;-0.03062647843393926;-0.06054071406698374;-0.04059789229276221;-0.014244876395351037;0.07122436996254698;0.07122436958046961;0.014244878305737459;-0.08546924277061672;-0.017093852629614416;0.08546924277061675;0.01709385262961442;-0.014244876395351064;0.07122436996254697;0.07122436958046958;0.014244878305737441;-0.34235947697826224;-0.13342985612346786;-0.024692126497626414;-0.1832873200838626;-0.3423596909247305;-0.13343069773252392;-0.024693267655112455;-0.1832885468281655;0.028489460509689934;-0.09971555535889805;-0.028489888489302923;0.09971213186978309;0.81292137716994;0.16714435394792937;0.04938448124039458;0.3380847794781935;0.028494196312296;-0.09971267394553947;-0.028487777345389043;0.09971609743465443
-0.023741603712911747;-0.08072169243509962;-0.047483122858613135;-0.04748346520327007;0.02374166077044845;0.08072140714795187;0.047483408145868065;0.04748306580121114;0.18993420570505537;0.028489108347309108;0.0949671015789196;0.14245065211364413;-3.4234476354449983E-07;-1.7117234097120682E-06;-8.558616933296639E-07;-1.7117237947135606E-07;-0.18993192340727114;-0.02849082007059372;-0.09496596043004274;-0.14244894039035944;0.03062647843393928;0.010683656659717756;0.04059789229276222;0.06054071406698374;0.030626478433939265;0.010683656659717738;0.04059789229276222;0.06054071406698372;0.014244876395351042;-0.014244878305737466;-0.0712243695804696;-0.07122436996254698;0.017093852629614433;0.08546924277061667;-0.01709385262961441;-0.08546924277061674;0.014244876395351063;-0.014244878305737466;-0.07122436958046957;-0.07122436996254697;-0.13342777354327934;-0.3423529153357374;-0.18328403927275363;-0.02469121358545362;-0.133428615150107;-0.34235312931682926;-0.18328526601414272;-0.02469235474259675;0.028485295349312958;0.09971213190406433;-0.028491714313648532;-0.09971555535889799;0.16714435394792937;0.8129115632268282;0.3380808995330413;0.0493844812403946;0.028490031147462146;0.09971609740037315;-0.028489603170420496;-0.09971267394553944
-0.04748346520327004;-0.04748312285861312;-0.08072169243509965;-0.02374160371291172;0.047483065801211186;0.04748340814586808;0.08072140714795188;0.02374166077044848;0.09496710157891959;0.028489108347309104;0.18993420570505543;0.1424506521136441;-1.711723795127726E-07;-8.558616933283629E-07;-1.7117234095249349E-06;-3.4234476358060376E-07;-0.09496596043004284;-0.028490820070593812;-0.18993192340727108;-0.1424489403903595;-0.06054071406698374;-0.040597892292762214;-0.01068365665971773;-0.030626478433939258;-0.06054071406698375;-0.04059789229276223;-0.010683656659717756;-0.030626478433939265;0.0712243695804696;0.014244878305737459;-0.014244876395351089;0.07122436996254697;0.08546924277061674;0.017093852629614454;-0.08546924277061674;-0.017093852629614444;0.0712243695804696;0.014244878305737478;-0.01424487639535107;0.07122436996254698;-0.02469121358545356;-0.18328403927275363;-0.3423529153357372;-0.13342777354327928;-0.02469235474259663;-0.18328526601414258;-0.3423531293168291;-0.13342861515010684;-0.028491714313648574;0.09971213190406426;0.028485295349313034;-0.09971555535889803;0.04938448124039458;0.3380808995330413;0.8129115632268282;0.16714435394792918;-0.02848960317042072;0.09971609740037304;0.028490031147462153;-0.0997126739455396
0.047483122858613114;0.04748346520327004;0.02374160371291176;0.08072169243509962;-0.04748340814586811;-0.04748306580121115;-0.02374166077044848;-0.08072140714795183;-0.09496710157891956;-0.14245065211364413;-0.18993420570505537;-0.02848910834730907;8.558616933351392E-07;1.7117237948718542E-07;3.4234476353325123E-07;1.711723409638112E-06;0.0949659604300428;0.1424489403903594;0.18993192340727108;0.028490820070593812;0.04059789229276221;0.06054071406698375;0.03062647843393926;0.01068365665971772;0.04059789229276223;0.060540714066983754;0.030626478433939276;0.010683656659717747;-0.07122436958046958;-0.071224369962547;0.014244876395351075;-0.014244878305737441;-0.017093852629614433;-0.08546924277061672;0.017093852629614405;0.08546924277061674;-0.07122436958046961;-0.07122436996254698;0.014244876395351056;-0.014244878305737452;-0.1832873200838625;-0.024692126497626418;-0.13342985612346772;-0.34235947697826213;-0.18328854682816548;-0.024693267655112414;-0.13343069773252372;-0.3423596909247302;-0.028489888489302923;-0.099715555358898;0.028489460509689885;0.09971213186978303;0.3380847794781935;0.0493844812403946;0.16714435394792918;0.8129213771699396;-0.028487777345389206;-0.09971267394553954;0.028494196312296174;0.09971609743465437
-0.023740848338558163;0.023740848338558135;0.04748283808080959;-0.04748283808080957;-0.10921059051033288;0.10921059051033272;0.04748283808080955;-0.04748283808080957;2.2551405187698492E-17;-0.14244965437250248;-4.336808689942018E-19;0.14244965437250243;0.18993135487041626;-0.18993135487041618;-0.0949656761616192;0.09496567616161913;9.71445146547012E-17;0.02848982538609289;3.946495907847236E-17;-0.02848982538609286;0.023741456823994485;-0.02374145682399448;-0.023741456823994474;0.023741456823994478;0.05460535362869188;-0.05460535362869187;-0.011870728348317703;0.01187072834831775;1.0842021724855044E-17;0.04748291364798895;1.0842021724855044E-18;-0.04748291364798895;0.01424487830573746;-0.014244878305737457;0.071224369962547;-0.07122436996254701;1.214306433183765E-17;0.0949658285695689;-1.3010426069826053E-17;-0.09496582856956892;-0.11016170818402926;-0.11016036733783506;-0.009495938348382317;-0.009496936846427221;-0.3086383728466628;-0.30863880076462774;-0.16998853311746853;-0.16998961720233036;0.10635902989953636;-0.11396133081615187;0.018991819623024202;-0.11396001851479985;0.028494196312296;0.028490031147462146;-0.02848960317042072;-0.028487777345389206;0.759725657957303;0.11395833533750258;0.3114869202239521;0.11396301399344883
-0.12108163483980168;-0.08119578089205304;-0.08119578089205302;-0.12108163483980171;-0.06125281944600506;-0.02136679432592333;-0.021366794325923293;-0.061252819446005025;0.14244965360836112;0.03418710309945461;0.1424496536083611;0.17093958287811947;0.14244851322357113;0.028488684237161624;0.028488684237161506;0.1424485132235712;-0.028489821565310772;-0.17093889818881017;-0.028489821565310703;-0.03418778778876387;-0.023741456569276214;-0.023741456569276193;0.023741456569276256;0.02374145656927623;-0.011870728029919921;-0.04036047538663368;0.04036047538663377;0.011870728029919887;0.04748291313855244;-5.767955557622884E-17;-0.04748291313855244;-1.1492543028346347E-17;0.0712243695804696;0.014244876395351058;-0.014244876395351049;-0.07122436958046958;0.09496582755069588;-1.214306433183765E-16;-0.09496582755069578;-8.673617379884035E-18;0.06647635864987132;-0.043683979912428644;-0.04368397991242858;0.06647635864987132;-0.053656051130308746;-0.1400752366755534;-0.1400752366755534;-0.05365605113030873;-0.11396133081615177;-0.026592332758773315;-0.11396133081615176;-0.1329535018557459;-0.09971267394553947;0.09971609740037315;0.09971609740037304;-0.09971267394553954;0.11395833533750258;0.4938224154970141;0.11395833533750277;0.007600381301975096
-0.04748283808080956;0.04748283808080956;0.02374084833855811;-0.023740848338558156;-0.047482838080809574;0.04748283808080953;0.10921059051033272;-0.10921059051033286;8.239936510889834E-18;-0.14244965437250248;5.597193715456417E-17;0.14244965437250243;0.0949656761616191;-0.09496567616161913;-0.1899313548704161;0.18993135487041612;3.469446951953614E-17;0.028489825386092918;7.643625316022806E-17;-0.028489825386092862;-0.023741456823994478;0.023741456823994467;0.023741456823994478;-0.02374145682399448;-0.011870728348317719;0.01187072834831773;0.05460535362869186;-0.054605353628691865;6.505213034913027E-19;-0.04748291364798894;-1.3552527156068805E-18;0.04748291364798895;0.07122436996254695;-0.07122436996254694;0.014244878305737459;-0.014244878305737476;-1.5612511283791264E-17;-0.09496582856956878;-4.119968255444917E-18;0.09496582856956882;-0.009496936846427306;-0.009495938348382466;-0.11016036733783519;-0.11016170818402943;-0.16998961720233047;-0.1699885331174686;-0.3086388007646281;-0.30863837284666285;0.0189918196230243;-0.11396133081615176;0.10635902989953648;-0.11396001851479977;-0.028487777345389043;-0.028489603170420496;0.028490031147462153;0.028494196312296174;0.3114869202239521;0.11395833533750277;0.7597256579573026;0.11396301399344896
0.08119578089205304;0.12108163483980171;0.12108163483980174;0.08119578089205304;0.021366794325923352;0.061252819446005045;0.06125281944600502;0.021366794325923314;-0.14244965360836112;-0.1709395828781195;-0.14244965360836112;-0.034187103099454615;-0.028488684237161666;-0.14244851322357116;-0.14244851322357124;-0.02848868423716156;0.028489821565310797;0.0341877877887639;0.028489821565310776;0.17093889818881022;0.023741456569276228;0.02374145656927623;-0.023741456569276224;-0.023741456569276224;0.04036047538663372;0.011870728029919939;-0.01187072802991989;-0.040360475386633704;-0.04748291313855244;-1.0516761073109393E-17;0.047482913138552456;-1.1411227865409934E-17;-0.014244876395351084;-0.07122436958046958;0.07122436958046958;0.014244876395351077;-0.0949658275506959;-1.3010426069826053E-17;0.09496582755069584;3.881443777498106E-17;-0.04368554899765619;0.06647570249919534;0.06647570249919542;-0.04368554899765612;-0.14007837482245472;-0.053658390458281864;-0.05365839045828184;-0.14007837482245486;-0.11396001851479977;-0.1329535018557459;-0.11396001851479985;-0.026593930395925575;0.09971609743465443;-0.09971267394553944;-0.0997126739455396;0.09971609743465437;0.11396301399344883;0.007600381301975096;0.11396301399344896;0.4938274365725635
